2024-12-12_15-58-09,000%,shell.ts:2024-12-12_15-58-09
2024-12-12_16-01-40,000%,shell.ts:2024-12-12_16-01-40
2024-12-12_16-02-23,000%,shell.ts:2024-12-12_16-02-23
2024-12-12_16-03-49,000%,shell.ts:2024-12-12_16-03-49
2024-12-12_16-03-50,000%,shell.ts:2024-12-12_16-03-49
2024-12-12_16-05-07,000%,shell.ts:2024-12-12_16-05-07
2024-12-12_16-05-24,005%,shell.ts:2024-12-12_16-05-24
2024-12-12_16-06-03,005%,shell.ts:2024-12-12_16-06-03
2024-12-12_16-09-46,005%,shell.ts:2024-12-12_16-09-46
2024-12-12_16-10-00,010%,shell.ts:2024-12-12_16-10-00
2024-12-12_16-11-38,015%,shell.ts:2024-12-12_16-11-38
2024-12-12_16-12-33,015%,shell.ts:2024-12-12_16-12-33
2024-12-12_16-12-35,015%,shell.ts:2024-12-12_16-12-33
2024-12-12_16-15-05,015%,shell.ts:2024-12-12_16-15-05
2024-12-12_16-19-57,015%,shell.ts:2024-12-12_16-19-57
2024-12-12_16-25-37,015%,shell.ts:2024-12-12_16-25-37
2024-12-12_16-26-07,000%,shell.ts:2024-12-12_16-26-07
2024-12-12_16-26-46,015%,shell.ts:2024-12-12_16-26-46
2024-12-12_16-27-19,015%,shell.ts:2024-12-12_16-27-19
2024-12-12_16-28-02,015%,shell.ts:2024-12-12_16-28-02
2024-12-12_16-28-27,015%,shell.ts:2024-12-12_16-28-27
2024-12-12_16-32-33,COMP,shell.ts:2024-12-12_16-32-33
2024-12-12_16-32-56,COMP,shell.ts:2024-12-12_16-32-56
2024-12-12_16-33-47,COMP,shell.ts:2024-12-12_16-33-47
2024-12-12_16-35-35,015%,shell.ts:2024-12-12_16-35-35
2024-12-12_16-36-20,COMP,shell.ts:2024-12-12_16-36-20
2024-12-12_16-36-38,COMP,shell.ts:2024-12-12_16-36-20
2024-12-12_16-37-27,COMP,shell.ts:2024-12-12_16-37-27
2024-12-12_16-38-07,COMP,shell.ts:2024-12-12_16-38-07
2024-12-12_16-38-42,COMP,shell.ts:2024-12-12_16-38-42
2024-12-12_16-38-44,COMP,shell.ts:2024-12-12_16-38-42
2024-12-12_16-42-20,COMP,shell.ts:2024-12-12_16-42-20
2024-12-12_16-42-57,COMP,shell.ts:2024-12-12_16-42-57
2024-12-12_16-43-32,000%,shell.ts:2024-12-12_16-43-32
2024-12-12_16-47-34,000%,shell.ts:2024-12-12_16-47-34
2024-12-12_16-47-49,000%,shell.ts:2024-12-12_16-47-49
2024-12-12_16-48-09,000%,shell.ts:2024-12-12_16-48-09
2024-12-12_16-48-35,000%,shell.ts:2024-12-12_16-48-35
2024-12-12_16-49-05,000%,shell.ts:2024-12-12_16-49-05
2024-12-12_16-49-15,015%,shell.ts:2024-12-12_16-49-15
2024-12-12_16-50-25,015%,shell.ts:2024-12-12_16-50-25
2024-12-12_16-50-37,020%,shell.ts:2024-12-12_16-50-37
2024-12-12_16-51-37,020%,shell.ts:2024-12-12_16-50-37
2024-12-12_16-54-56,025%,shell.ts:2024-12-12_16-54-56
2024-12-12_16-55-22,025%,shell.ts:2024-12-12_16-55-22
2024-12-12_16-55-55,035%,shell.ts:2024-12-12_16-55-55
2024-12-12_16-56-53,035%,shell.ts:2024-12-12_16-55-55
2024-12-12_16-57-36,035%,shell.ts:2024-12-12_16-57-36
2024-12-12_16-58-29,040%,shell.ts:2024-12-12_16-58-29
2024-12-12_16-59-08,040%,shell.ts:2024-12-12_16-59-08
2024-12-12_17-00-19,040%,shell.ts:2024-12-12_17-00-19
2024-12-12_17-01-19,040%,shell.ts:2024-12-12_17-01-19
2024-12-12_17-04-28,040%,shell.ts:2024-12-12_17-04-28
2024-12-12_17-05-38,040%,shell.ts:2024-12-12_17-05-38
2024-12-12_17-06-23,040%,shell.ts:2024-12-12_17-05-38
2024-12-12_17-06-42,045%,shell.ts:2024-12-12_17-06-42
2024-12-12_17-07-11,045%,shell.ts:2024-12-12_17-07-11
2024-12-12_17-14-04,045%,shell.ts:2024-12-12_17-14-04
2024-12-12_17-14-59,045%,shell.ts:2024-12-12_17-14-59
2024-12-12_17-15-20,055%,shell.ts:2024-12-12_17-15-20
2024-12-12_17-18-42,070%,shell.ts:2024-12-12_17-18-42
2024-12-12_17-20-45,070%,shell.ts:2024-12-12_17-20-45
2024-12-12_17-21-04,070%,shell.ts:2024-12-12_17-21-04
2024-12-12_17-21-58,075%,shell.ts:2024-12-12_17-21-58
2024-12-12_17-22-18,075%,shell.ts:2024-12-12_17-22-18
2024-12-12_17-24-36,075%,shell.ts:2024-12-12_17-24-36
2024-12-12_17-25-06,075%,shell.ts:2024-12-12_17-25-06
2024-12-12_17-25-32,075%,shell.ts:2024-12-12_17-25-32
2024-12-12_17-26-19,075%,shell.ts:2024-12-12_17-26-19
2024-12-12_17-27-23,055%,shell.ts:2024-12-12_17-27-23
2024-12-12_17-27-39,075%,shell.ts:2024-12-12_17-27-39
2024-12-12_17-28-19,075%,shell.ts:2024-12-12_17-28-19
2024-12-12_17-28-20,075%,shell.ts:2024-12-12_17-28-19
2024-12-12_17-28-43,FREE,shell.ts:2024-12-12_17-28-43
2024-12-12_17-28-54,035%,shell.ts:2024-12-12_17-28-43
2024-12-12_17-29-54,075%,shell.ts:2024-12-12_17-29-54
2024-12-12_17-33-35,055%,shell.ts:2024-12-12_17-33-35
2024-12-12_17-34-29,075%,shell.ts:2024-12-12_17-34-29
2024-12-12_17-36-52,075%,shell.ts:2024-12-12_17-36-52
2024-12-12_17-37-38,075%,shell.ts:2024-12-12_17-37-38
2024-12-12_17-38-08,075%,shell.ts:2024-12-12_17-38-08
2024-12-12_17-38-38,055%,shell.ts:2024-12-12_17-38-38
2024-12-12_17-39-10,085%,shell.ts:2024-12-12_17-39-10
2024-12-12_17-39-29,085%,shell.ts:2024-12-12_17-39-29
2024-12-12_17-40-40,085%,shell.ts:2024-12-12_17-40-40
2024-12-12_17-41-24,085%,shell.ts:2024-12-12_17-41-24
2024-12-12_17-43-45,085%,shell.ts:2024-12-12_17-43-45
2024-12-12_17-44-22,085%,shell.ts:2024-12-12_17-44-22
2024-12-12_17-45-00,085%,shell.ts:2024-12-12_17-45-00
2024-12-12_17-45-53,085%,shell.ts:2024-12-12_17-45-53
2024-12-12_17-46-04,085%,shell.ts:2024-12-12_17-46-04
2024-12-12_17-46-39,090%,shell.ts:2024-12-12_17-46-39
2024-12-12_17-47-30,FREE,shell.ts:2024-12-12_17-46-39
2024-12-12_17-47-37,090%,shell.ts:2024-12-12_17-46-39
2024-12-12_17-47-43,090%,shell.ts:2024-12-12_17-46-39
2024-12-12_17-49-00,090%,shell.ts:2024-12-12_17-49-00
2024-12-12_17-49-27,090%,shell.ts:2024-12-12_17-49-00
2024-12-12_17-50-15,090%,shell.ts:2024-12-12_17-50-15
2024-12-12_17-51-26,090%,shell.ts:2024-12-12_17-50-15
2024-12-12_17-53-49,090%,shell.ts:2024-12-12_17-53-49
2024-12-12_17-54-31,090%,shell.ts:2024-12-12_17-53-49
2024-12-12_17-54-48,090%,shell.ts:2024-12-12_17-53-49
2024-12-12_17-55-38,095%,shell.ts:2024-12-12_17-55-38
2024-12-12_17-55-58,FREE,shell.ts:2024-12-12_17-55-38
2024-12-12_17-56-05,095%,shell.ts:2024-12-12_17-55-38
2024-12-12_17-57-40,060%,shell.ts:2024-12-12_17-57-40
2024-12-12_17-57-52,095%,shell.ts:2024-12-12_17-57-52
2024-12-12_17-58-49,095%,shell.ts:2024-12-12_17-57-52
2024-12-12_17-59-10,095%,shell.ts:2024-12-12_17-57-52
2024-12-12_17-59-11,095%,shell.ts:2024-12-12_17-57-52
2024-12-12_18-00-01,090%,shell.ts:2024-12-12_18-00-01
2024-12-12_18-00-13,095%,shell.ts:2024-12-12_18-00-13
2024-12-12_18-00-30,095%,shell.ts:2024-12-12_18-00-13
2024-12-12_18-01-12,060%,shell.ts:2024-12-12_18-01-12
2024-12-12_18-01-31,095%,shell.ts:2024-12-12_18-01-31
2024-12-12_18-01-58,095%,shell.ts:2024-12-12_18-01-31
2024-12-12_18-02-39,095%,shell.ts:2024-12-12_18-01-31
2024-12-12_18-03-38,095%,shell.ts:2024-12-12_18-03-38
